mop,date
D0038,2010-01-20
D0038,2010-10-29
D0038,2014-03-02
D0038,2015-10-27
D0038,2015-11-25
D0038,2016-03-08
D0038,2018-01-02
D0038,2018-12-18
D0038,2018-12-20
D0038,2018-12-21
D0038,2018-12-25
D0038,2018-12-26
D0038,2019-01-05
D0038,2019-01-06
D0038,2019-01-18
D0038,2019-01-19
D0038,2019-01-20
D0038,2019-01-21
D0038,2019-02-03
D0038,2019-11-26
D0038,2019-12-14
D0038,2019-12-15
D0038,2019-12-25
D0038,2020-01-09
D0038,2020-12-14
D0038,2020-12-15
D0038,2020-12-28
D0038,2020-12-29
D0038,2021-01-01
D0038,2021-01-12
D0038,2021-01-13
D0038,2021-01-14
D0038,2021-01-26
D0038,2021-11-05
D0038,2023-01-05
D0038,2023-01-06
D0038,2023-01-11
D0039,2023-01-06
D0041,2010-01-14
D0041,2010-01-20
D0041,2014-03-02
D0041,2016-01-12
D0041,2018-12-18
D0041,2019-01-06
D0041,2019-01-18
D0041,2019-01-19
D0041,2020-12-27
D0041,2020-12-29
D0041,2021-01-13
D0041,2021-01-28
D0041,2023-01-06
D0042,2023-01-23
D0043,2010-01-14
D0043,2010-01-20
D0043,2014-03-02
D0043,2014-12-21
D0043,2015-12-08
D0043,2016-02-25
D0043,2016-03-08
D0043,2018-12-18
D0043,2018-12-20
D0043,2018-12-21
D0043,2018-12-26
D0043,2019-01-05
D0043,2019-01-06
D0043,2019-01-18
D0043,2019-01-19
D0043,2019-01-20
D0043,2019-01-21
D0043,2019-02-03
D0043,2019-02-18
D0043,2019-11-26
D0043,2019-12-13
D0043,2019-12-14
D0043,2019-12-15
D0043,2019-12-25
D0043,2020-12-14
D0043,2020-12-15
D0043,2020-12-16
D0043,2020-12-29
D0043,2021-01-01
D0043,2021-01-02
D0043,2021-01-03
D0043,2021-01-12
D0043,2021-01-13
D0043,2021-01-14
D0043,2021-01-26
D0043,2021-01-28
D0043,2021-01-29
D0043,2022-01-01
D0043,2023-01-06
D0043,2023-01-11
D0043,2023-02-02
D0043,2023-02-06
D0043,2023-02-21
D0043,2023-02-22
D0044,2010-01-14
D0044,2010-01-20
D0044,2015-12-12
D0044,2016-02-25
D0044,2016-03-08
D0044,2018-12-18
D0044,2018-12-20
D0044,2018-12-21
D0044,2018-12-25
D0044,2018-12-26
D0044,2019-01-05
D0044,2019-01-06
D0044,2019-01-18
D0044,2019-01-19
D0044,2019-01-20
D0044,2019-01-21
D0044,2019-02-03
D0044,2019-02-18
D0044,2019-12-14
D0044,2019-12-15
D0044,2019-12-25
D0044,2020-01-09
D0044,2020-01-10
D0044,2020-01-12
D0044,2020-01-13
D0044,2020-01-21
D0044,2020-01-22
D0044,2020-01-24
D0044,2020-01-25
D0044,2020-12-14
D0044,2020-12-15
D0044,2020-12-16
D0044,2020-12-29
D0044,2021-01-01
D0044,2021-01-02
D0044,2021-01-03
D0044,2021-01-12
D0044,2021-01-13
D0044,2021-01-14
D0044,2021-01-26
D0044,2021-01-28
D0044,2021-01-29
D0044,2022-01-01
D0044,2023-01-06
D0044,2023-02-21
D0044,2023-02-22
D0045,2021-01-14
D0048,2021-01-14
D0048,2021-01-29
D0055,2023-01-06
D0056,2021-01-12
D0056,2021-01-14
D0056,2021-01-26
D0056,2021-01-28
D0056,2023-01-06
D0057,2010-01-20
D0057,2010-01-31
D0057,2010-02-28
D0057,2014-03-02
D0057,2016-03-08
D0057,2018-11-30
D0057,2018-12-18
D0057,2018-12-21
D0057,2019-01-06
D0057,2019-01-18
D0057,2019-01-19
D0057,2019-01-20
D0057,2019-01-21
D0057,2019-11-26
D0057,2019-12-14
D0057,2020-12-15
D0057,2021-01-12
D0057,2021-01-13
D0057,2021-01-14
D0057,2021-01-26
D0057,2021-01-28
D0057,2021-01-29
D0057,2022-01-01
D0057,2023-01-06
D0057,2023-01-23
D0057,2023-02-22
D0111,2023-01-06
D0114,2023-01-05
D0349,2015-12-14
D0350,2015-12-11
D0352,2016-01-05
D0353,2016-01-06
D0363,2015-11-25
D0373,2015-12-12
D0374,2016-01-24
D0377,2015-12-12
D0377,2015-12-24
D0379,2015-12-11
D0386,2023-01-06
D0397,2023-02-22
D0495,2015-11-25
D0498,2015-11-25
D0498,2015-12-11
D0498,2015-12-22
D0498,2016-11-29
D0498,2017-01-12
D0498,2019-11-26
D0498,2021-01-25
D0498,2021-01-26
D0498,2023-01-06
D0498,2023-02-22
D0499,2015-11-25
D0499,2016-03-09
D0499,2023-01-05
D0501,2021-01-26
D0501,2023-01-05
D0502,2016-03-07
D0502,2021-01-25
D0502,2021-01-26
D0502,2022-01-05
D0502,2023-01-06
D0503,2015-11-16
D0503,2015-11-25
D0503,2016-10-29
D0503,2017-01-12
D0503,2019-11-26
D0503,2021-01-26
D0503,2023-01-06
D0504,2015-12-02
D0504,2016-01-07
D0504,2023-01-06
D0505,2019-02-19
D0505,2023-02-22
D0513,2023-01-03
D0587,2021-01-26
D0587,2023-01-06
D0588,2021-01-26
D0590,2021-01-26
D0590,2023-01-05
D0621,2023-01-06
D0623,2023-01-06
D0666,2016-03-14
D0666,2020-01-12
D0666,2022-12-24
D0666,2023-01-22
D0666,2023-02-22
D0666,2023-12-29
D0666,2024-01-09
D0666,2024-01-11
D0666,2024-01-22
D0666,2024-01-24
D0666,2024-01-26
D0666,2024-02-05
D0666,2024-02-08
D0666,2024-02-09
D0666,2024-02-22
D0666,2024-04-05
D0667,2015-12-11
D0667,2015-12-12
D0667,2015-12-16
D0667,2015-12-18
D0667,2015-12-21
D0667,2020-01-06
D0667,2020-01-12
D0667,2020-01-25
D0667,2020-12-14
D0667,2021-01-09
D0667,2023-01-06
D0667,2023-01-11
D0667,2023-01-15
D0667,2023-01-17
D0667,2023-01-23
D0667,2023-10-25
D0667,2023-12-26
D0667,2023-12-29
D0667,2024-01-11
D0674,2023-01-13
D0675,2023-01-06
D0678,2023-01-06
D0681,2016-03-10
D0681,2021-01-11
D0681,2021-01-12
D0681,2021-01-26
D0800,2023-01-06
D0841,2020-09-28
D0841,2020-12-07
D0841,2020-12-09
D0881,2023-01-06
D0894,2023-01-06
D0896,2023-01-07
D0906,2021-01-26
D1022,2021-08-20
L0904,2021-08-21
OC461,2021-08-18
VE191,2020-09-25
